entity_id,entity_name,legal_name,sector,sub_sector,parent_organization,property_manager,address_line_1,city,state,zip_code,latitude,longitude,asset_status,verification_source,last_updated
OSM-IMP-00001,Cairnes Business School,Cairnes Business School,Education,University,Unknown,Unknown,Needs Verification,,,,53.2840636,-9.065571,Active,OpenStreetMap,2025-11-24
OSM-IMP-00002,Carlow District Hospital,Carlow District Hospital,Healthcare,Hospital,Unknown,Unknown,Needs Verification,,,,52.8426218,-6.928817,Active,OpenStreetMap,2025-11-24
OSM-IMP-00003,Castlecomer District Hospital,Castlecomer District Hospital,Healthcare,Hospital,Unknown,Unknown,Needs Verification,,,,52.7994462,-7.2140078,Active,OpenStreetMap,2025-11-24
OSM-IMP-00004,Limerick School of Art and Design (LIT),Limerick School of Art and Design (LIT),Education,University,Technological University of the Shannon: Midlands Midwest,Unknown,Clare Street,Limerick,,,52.6655266,-8.613216,Active,OpenStreetMap,2025-11-24
OSM-IMP-00005,Saint Patrick's College Maynooth and Pontifical University,Saint Patrick's College Maynooth and Pontifical University,Education,University,Unknown,Unknown,Needs Verification,,,,53.3792776,-6.5965802,Active,OpenStreetMap,2025-11-24
OSM-IMP-00006,Raheen Community Hostpital,Raheen Community Hostpital,Healthcare,Hospital,Unknown,Unknown,Needs Verification,,,,52.8938853,-8.507698,Active,OpenStreetMap,2025-11-24
OSM-IMP-00007,Rock Mills Student Accomodation,Rock Mills Student Accomodation,Education,University,Unknown,Unknown,Needs Verification,,,,55.0079063,-7.3192382,Active,OpenStreetMap,2025-11-24
OSM-IMP-00008,Saint Anne's,Saint Anne's,Healthcare,Hospital,Unknown,Unknown,Needs Verification,,,,51.942225,-10.2342926,Active,OpenStreetMap,2025-11-24
OSM-IMP-00010,Waterside Hospital,Waterside Hospital,Healthcare,Hospital,Unknown,Unknown,Needs Verification,,,,55.0135559,-7.2804733,Active,OpenStreetMap,2025-11-24
OSM-IMP-00011,Lakeview,Lakeview,Healthcare,Hospital,Unknown,Unknown,Needs Verification,,,,55.0153949,-7.2826835,Active,OpenStreetMap,2025-11-24
OSM-IMP-00012,Hampstead Private Hospital,Hampstead Private Hospital,Healthcare,Hospital,Unknown,Unknown,Needs Verification,,,,53.3815153,-6.2596772,Active,OpenStreetMap,2025-11-24
OSM-IMP-00013,Beacon Hospital,Beacon Hospital,Healthcare,Hospital,Unknown,Unknown,Blackthorn Road,,,,53.2767042,-6.2188689,Active,OpenStreetMap,2025-11-24
OSM-IMP-00014,Lifford Community Hospital,Lifford Community Hospital,Healthcare,Hospital,Unknown,Unknown,Needs Verification,,,,54.831272,-7.483232,Active,OpenStreetMap,2025-11-24
OSM-IMP-00015,Schull Community Hospital,Schull Community Hospital,Healthcare,Hospital,Unknown,Unknown,Needs Verification,,,,51.5212776,-9.5459225,Active,OpenStreetMap,2025-11-24
OSM-IMP-00016,Boston College - Ireland,Boston College - Ireland,Education,University,Boston College,Unknown,42 St. Stephen's Green,Dublin,,,53.3382439,-6.2553677,Active,OpenStreetMap,2025-11-24
OSM-IMP-00018,Celbridge Medical Center,Celbridge Medical Center,Healthcare,Hospital,Health Service Executive,Unknown,Needs Verification,,,,53.3448193,-6.5409696,Active,OpenStreetMap,2025-11-24
OSM-IMP-00019,Kimmage Development Studies Centre - closed,Kimmage Development Studies Centre - closed,Education,University,Unknown,Unknown,Whitehall Road,Dublin,,D12 P5YP,53.3085321,-6.3086178,Active,OpenStreetMap,2025-11-24
OSM-IMP-00020,Merriman House,Merriman House,Education,University,Limerick Institute of Technology,Unknown,Needs Verification,,,,52.6660838,-8.6187924,Active,OpenStreetMap,2025-11-24
OSM-IMP-00021,Georgia Southern University Wexford Campus,Georgia Southern University Wexford Campus,Education,University,Center for Irish Research and Teaching of Georgia Southern University,Unknown,Spawell Road,Wexford,,,52.341917,-6.4686057,Active,OpenStreetMap,2025-11-24
OSM-IMP-00022,South East Technological University - Granary Campus,South East Technological University - Granary Campus,Education,University,South East Technnological University,Unknown,Hanover Street,Waterford,,X91 FF86,52.2626245,-7.1152567,Active,OpenStreetMap,2025-11-24
OSM-IMP-00023,Covid 19 test centre,Covid 19 test centre,Healthcare,Hospital,Health Service Executive,Unknown,Needs Verification,,,,51.922856,-8.4847197,Active,OpenStreetMap,2025-11-24
OSM-IMP-00025,"Mater Private Network, Day Hospital","Mater Private Network, Day Hospital",Healthcare,Hospital,Unknown,Unknown,Cherrywood Business Park,Co. Dublin,,D18 DH50,53.2416161,-6.1406136,Active,OpenStreetMap,2025-11-24
OSM-IMP-00026,South East Technological University - Wicklow County Campus,South East Technological University - Wicklow County Campus,Education,University,South East Technological University,Unknown,Clermont House,"Rathnew, Co. Wicklow",,A67 X566,52.9992823,-6.0816968,Active,OpenStreetMap,2025-11-24
OSM-IMP-00027,South East Technological University - South Sports Campus,South East Technological University - South Sports Campus,Education,University,South East Technological University,Unknown,Mortarstown Upper,Carlow,,R93 AYW9,52.8162856,-6.944646,Active,OpenStreetMap,2025-11-24
OSM-IMP-00028,South East Technological University - Kilkenny Road Campus,South East Technological University - Kilkenny Road Campus,Education,University,South East Technological University,Unknown,Kilkenny Road,Carlow,,R93 V960,52.8269383,-6.9360647,Active,OpenStreetMap,2025-11-24
OSM-IMP-00029,South East Technological University - Kilkenny Research & Innovation Centre,South East Technological University - Kilkenny Research & Innovation Centre,Education,University,South East Technological University,Unknown,Needs Verification,Kilkenny,,R95 TP64,52.6464003,-7.2574785,Active,OpenStreetMap,2025-11-24
OSM-IMP-00030,South East Technological University - College Street Campus,South East Technological University - College Street Campus,Education,University,South East Technological University,Unknown,College Street,Waterford,,X91 Y074,52.2540847,-7.1156349,Active,OpenStreetMap,2025-11-24
OSM-IMP-00031,South East Technological University - Applied Technology Campus,South East Technological University - Applied Technology Campus,Education,University,South East Technological University,Unknown,IDA Industrial Estate,Waterford,,X91 TX03,52.2469626,-7.1453205,Active,OpenStreetMap,2025-11-24
OSM-IMP-00032,Mater Private Hospital,Mater Private Hospital,Healthcare,Hospital,Unknown,Unknown,Malahide Road,Dublin,,D17 AY61,53.4041222,-6.1815316,Active,OpenStreetMap,2025-11-24
OSM-IMP-00033,QUB School of Psychology,QUB School of Psychology,Education,University,Unknown,Unknown,Needs Verification,,,,54.5811596,-5.9378378,Active,OpenStreetMap,2025-11-24
OSM-IMP-00034,Elmwood One (QUB Student union),Elmwood One (QUB Student union),Education,University,Unknown,Unknown,Needs Verification,,,,54.5846599,-5.9369263,Active,OpenStreetMap,2025-11-24
OSM-IMP-00035,UCC Geology Garden,UCC Geology Garden,Education,University,Unknown,Unknown,Needs Verification,,,,51.8993045,-8.4876999,Active,OpenStreetMap,2025-11-24
OSM-IMP-00036,Champlain College Dublin,Champlain College Dublin,Education,University,Champlain College Incorporated,Unknown,43 Leeson Street Lower,Dublin,,,53.3331038,-6.2541389,Active,OpenStreetMap,2025-11-24
OSM-IMP-00037,MTU Crawford College of Art & Design - Department of Media Communications,MTU Crawford College of Art & Design - Department of Media Communications,Education,University,Munster Technological University,Unknown,Needs Verification,,,,51.895108,-8.4754049,Active,OpenStreetMap,2025-11-24
OSM-IMP-00038,Technological University of the Shannon: Coonagh Campus,Technological University of the Shannon: Coonagh Campus,Education,University,Technological University of the Shannon,Unknown,Needs Verification,,,,52.676706,-8.6760942,Active,OpenStreetMap,2025-11-24
OSM-IMP-00039,Macular Clinic,Macular Clinic,Healthcare,Hospital,Unknown,Unknown,Needs Verification,,,,54.6079957,-5.9394996,Active,OpenStreetMap,2025-11-24
OSM-IMP-00040,Union Theological College,Union Theological College,Education,University,Unknown,Unknown,Needs Verification,,,,54.5851016,-5.9314294,Active,OpenStreetMap,2025-11-24
OSM-IMP-00041,Ulster Hospital,Ulster Hospital,Healthcare,Hospital,South Eastern Health and Social Care Trust,Unknown,Upper Newtownards Road,Belfast,,BT16 1RH,54.5970115,-5.8116589,Active,OpenStreetMap,2025-11-24
OSM-IMP-00042,Connolly Hospital,Connolly Hospital,Healthcare,Hospital,Health Service Executive,Unknown,Mill Road,Blanchardstown,,D15X40D,53.3891627,-6.3675115,Active,OpenStreetMap,2025-11-24
OSM-IMP-00043,Beaumont Hospital,Beaumont Hospital,Healthcare,Hospital,Health Service Executive,Unknown,Needs Verification,,,,53.3892595,-6.2240645,Active,OpenStreetMap,2025-11-24
OSM-IMP-00044,Royal Hospital Donnybrook,Royal Hospital Donnybrook,Healthcare,Hospital,Unknown,Unknown,Bloomfield Avenue,,,,53.3250732,-6.2480404,Active,OpenStreetMap,2025-11-24
OSM-IMP-00045,St Luke's Hospital,St Luke's Hospital,Healthcare,Hospital,Unknown,Unknown,Needs Verification,,,,53.3092427,-6.2674243,Active,OpenStreetMap,2025-11-24
OSM-IMP-00046,Lucena Clinic & St Peter's School,Lucena Clinic & St Peter's School,Healthcare,Hospital,Order of St. John of God,Unknown,59 Orwell Road,Dublin,,,53.3102672,-6.2710269,Active,OpenStreetMap,2025-11-24
OSM-IMP-00047,Clonskeagh Hospital,Clonskeagh Hospital,Healthcare,Hospital,Unknown,Unknown,Clonskeagh Road,,,,53.3153826,-6.2400815,Active,OpenStreetMap,2025-11-24
OSM-IMP-00048,UCD Richview,UCD Richview,Education,University,Unknown,Unknown,Needs Verification,,,,53.3110416,-6.2353682,Active,OpenStreetMap,2025-11-24
OSM-IMP-00049,Saint Joseph's Hospital,Saint Joseph's Hospital,Healthcare,Hospital,Unknown,Unknown,Needs Verification,,,,53.3877734,-6.4319244,Active,OpenStreetMap,2025-11-24
OSM-IMP-00050,Ards Hospital,Ards Hospital,Healthcare,Hospital,Unknown,Unknown,Needs Verification,,,,54.5938304,-5.7055973,Active,OpenStreetMap,2025-11-24
OSM-IMP-00051,University Hospital Galway,University Hospital Galway,Healthcare,Hospital,Health Service Executive,Unknown,Newcastle Road,Galway,,,53.2770606,-9.0668613,Active,OpenStreetMap,2025-11-24
OSM-IMP-00052,TU Dublin Aeronautical Engineering,TU Dublin Aeronautical Engineering,Education,University,Unknown,Unknown,Needs Verification,Cloghran,,,53.4263374,-6.2228712,Active,OpenStreetMap,2025-11-24
OSM-IMP-00053,Merlin Park University Hospital,Merlin Park University Hospital,Healthcare,Hospital,Health Service Executive,Unknown,Needs Verification,,,,53.2779979,-8.9952606,Active,OpenStreetMap,2025-11-24
OSM-IMP-00054,Cherry Orchard Hospital,Cherry Orchard Hospital,Healthcare,Hospital,Health Service Executive,Unknown,Ballyfermot Road,,,,53.3430617,-6.3779167,Active,OpenStreetMap,2025-11-24
OSM-IMP-00055,University College Cork Main Campus,University College Cork Main Campus,Education,University,University College Cork,Unknown,College Road,Cork,,T12 K8AF,51.8936015,-8.4929321,Active,OpenStreetMap,2025-11-24
OSM-IMP-00056,University College Cork Mardyke Sport Complex,University College Cork Mardyke Sport Complex,Education,University,Unknown,Unknown,Needs Verification,,,,51.8951822,-8.5010526,Active,OpenStreetMap,2025-11-24
OSM-IMP-00057,St. James's Hospital,St. James's Hospital,Healthcare,Hospital,Health Service Executive,Unknown,James's Street,Dublin,,D08 NHY1,53.3401189,-6.2957732,Active,OpenStreetMap,2025-11-24
OSM-IMP-00058,Children's Health Ireland at Crumlin,Children's Health Ireland at Crumlin,Healthcare,Hospital,Health Service Executive,Unknown,Cooley Road,Dublin,,D12N512,53.3261478,-6.318888,Active,OpenStreetMap,2025-11-24
OSM-IMP-00059,Dublin City University Saint Patrick's Campus,Dublin City University Saint Patrick's Campus,Education,University,Dublin City University,Unknown,Drumcondra Road Upper,Dublin,,,53.3711709,-6.2559592,Active,OpenStreetMap,2025-11-24
OSM-IMP-00060,University Hospital Waterford,University Hospital Waterford,Healthcare,Hospital,Health Service Executive,Unknown,Needs Verification,,,,52.2489606,-7.0788606,Active,OpenStreetMap,2025-11-24
OSM-IMP-00061,South Infirmary-Victoria University Hospital,South Infirmary-Victoria University Hospital,Healthcare,Hospital,Health Service Executive,Unknown,Old Blackrock Road,Cork,,T12 X23H,51.8935797,-8.4641716,Active,OpenStreetMap,2025-11-24
OSM-IMP-00062,Technological University Dublin - Bolton Street Campus,Technological University Dublin - Bolton Street Campus,Education,University,Technological University Dublin,Unknown,Bolton Street,Dublin,,,53.351221,-6.268641,Active,OpenStreetMap,2025-11-24
OSM-IMP-00063,Mater Misericordiae University Hospital,Mater Misericordiae University Hospital,Healthcare,Hospital,Health Service Executive,Unknown,North Circular Road,,,,53.3592622,-6.2671018,Active,OpenStreetMap,2025-11-24
OSM-IMP-00064,Mater Private Hospital,Mater Private Hospital,Healthcare,Hospital,Unknown,Unknown,Eccles Street,Dublin 7,,D07 WKW8,53.3581067,-6.2644738,Active,OpenStreetMap,2025-11-24
OSM-IMP-00065,Maynooth University North Campus,Maynooth University North Campus,Education,University,"National University of Ireland, Maynooth",Unknown,Needs Verification,,,,53.3846863,-6.60088,Active,OpenStreetMap,2025-11-24
OSM-IMP-00066,Maynooth University South Campus,Maynooth University South Campus,Education,University,"National University of Ireland, Maynooth",Unknown,Needs Verification,,,,53.3793263,-6.6007766,Active,OpenStreetMap,2025-11-24
OSM-IMP-00067,Central Remedial Clinic,Central Remedial Clinic,Healthcare,Hospital,Unknown,Unknown,Needs Verification,,,,53.3690166,-6.2014039,Active,OpenStreetMap,2025-11-24
OSM-IMP-00068,South East Technological University - West Campus,South East Technological University - West Campus,Education,University,South East Technological University,Unknown,Needs Verification,Waterford,,X91 XD96,52.2529248,-7.1820949,Active,OpenStreetMap,2025-11-24
OSM-IMP-00069,University of Limerick,University of Limerick,Education,University,Unknown,Unknown,Needs Verification,,,,52.6730814,-8.5707382,Active,OpenStreetMap,2025-11-24
OSM-IMP-00070,Nenagh General Hospital,Nenagh General Hospital,Healthcare,Hospital,Health Service Executive,Unknown,Thurles Road,Nenagh,,,52.8577881,-8.1909978,Active,OpenStreetMap,2025-11-24
OSM-IMP-00071,University of Limerick,University of Limerick,Education,University,Unknown,Unknown,Needs Verification,,,,52.6799017,-8.5723055,Active,OpenStreetMap,2025-11-24
OSM-IMP-00072,TU Dublin Sports Broombridge,TU Dublin Sports Broombridge,Education,University,Technological University Dublin,Unknown,Broombridge Road,Dublin,,,53.3725458,-6.3021201,Active,OpenStreetMap,2025-11-24
OSM-IMP-00073,South East Technological University - College Street Campus,South East Technological University - College Street Campus,Education,University,South East Technological University,Unknown,College Street,Waterford,,X91 Y074,52.2541297,-7.1164625,Active,OpenStreetMap,2025-11-24
OSM-IMP-00074,Goldsmith Hall (Trinity College Dublin),Goldsmith Hall (Trinity College Dublin),Education,University,"Trinity College, Dublin",Unknown,Pearse Street,Dublin,,,53.3437703,-6.24874,Active,OpenStreetMap,2025-11-24
OSM-IMP-00075,UPMC Whitfield,UPMC Whitfield,Healthcare,Hospital,Unknown,Unknown,Needs Verification,,,,52.2402271,-7.1723069,Active,OpenStreetMap,2025-11-24
OSM-IMP-00076,Abbeyleix District Hospital,Abbeyleix District Hospital,Healthcare,Hospital,Unknown,Unknown,Ballinakill Road,Abbeyleix,,,52.9115426,-7.3426991,Active,OpenStreetMap,2025-11-24
OSM-IMP-00077,"Ulster University, Magee Campus","Ulster University, Magee Campus",Education,University,Ulster University,Unknown,Northland Road,Derry,,BT48 7JL,55.0058499,-7.3228996,Active,OpenStreetMap,2025-11-24
OSM-IMP-00078,Cappagh National Orthopaedic Hospital,Cappagh National Orthopaedic Hospital,Healthcare,Hospital,Unknown,Unknown,Needs Verification,,,,53.3939004,-6.3271098,Active,OpenStreetMap,2025-11-24
OSM-IMP-00079,Technological University of the Shannon: Midlands Midwest,Technological University of the Shannon: Midlands Midwest,Education,University,Technological University of the Shannon: Midlands Midwest,Unknown,Moylish Park,Limerick,,V94 EC5T,52.6761111,-8.6475624,Active,OpenStreetMap,2025-11-24
OSM-IMP-00081,Bon Secours Hospital,Bon Secours Hospital,Healthcare,Hospital,Bon Secours Health System,Unknown,Glasnevin Hill,Dublin,,D09 YN97,53.3757543,-6.2674225,Active,OpenStreetMap,2025-11-24
OSM-IMP-00082,University Hospital Limerick,University Hospital Limerick,Healthcare,Hospital,Health Service Executive,Unknown,Needs Verification,,,,52.6342771,-8.6527446,Active,OpenStreetMap,2025-11-24
OSM-IMP-00083,Atlantic Technological University Galway,Atlantic Technological University Galway,Education,University,Unknown,Unknown,Dublin Road,Galway,,,53.2789018,-9.0108987,Active,OpenStreetMap,2025-11-24
OSM-IMP-00084,The Meath Primary Care Centre (Former Meath Hospital),The Meath Primary Care Centre (Former Meath Hospital),Healthcare,Hospital,Health Service Executive,Unknown,1-9 Heytesbury Street,Dublin,,,53.3357254,-6.2701974,Active,OpenStreetMap,2025-11-24
OSM-IMP-00085,Saint Loman's Hospital,Saint Loman's Hospital,Healthcare,Hospital,Unknown,Unknown,Needs Verification,,,,53.5326147,-7.322173,Active,OpenStreetMap,2025-11-24
OSM-IMP-00086,St. Francis Private Hospital,St. Francis Private Hospital,Healthcare,Hospital,Unknown,Unknown,Needs Verification,,,N91 FE40,53.5142637,-7.3348933,Active,OpenStreetMap,2025-11-24
OSM-IMP-00087,Midland Regional Hospital Mullingar,Midland Regional Hospital Mullingar,Healthcare,Hospital,Health Service Executive,Unknown,Longford Road,Mullingar,,,53.5344213,-7.3489966,Active,OpenStreetMap,2025-11-24
OSM-IMP-00088,TU Dublin Tallaght,TU Dublin Tallaght,Education,University,Unknown,Unknown,Old Blessington Road,Tallaght,,,53.2910096,-6.3626961,Active,OpenStreetMap,2025-11-24
OSM-IMP-00089,Dublin City University Sports Campus,Dublin City University Sports Campus,Education,University,Dublin City University,Unknown,Ballymun Road,Dublin,,,53.3818281,-6.2705844,Active,OpenStreetMap,2025-11-24
OSM-IMP-00090,Tallaght University Hospital,"Adelaide and Meath Hospital, Dublin incorporating the National Children's Hospital",Healthcare,Hospital,Health Service Executive,Unknown,Belgard Square North,,,D24 NR0A,53.2911934,-6.3788426,Active,OpenStreetMap,2025-11-24
OSM-IMP-00091,South East Technological University - Kilkenny Road Campus,South East Technological University - Kilkenny Road Campus,Education,University,South East Technological University,Unknown,Kilkenny Road,Carlow,,R93 V960,52.825778,-6.9350075,Active,OpenStreetMap,2025-11-24
OSM-IMP-00092,MTU Bishopstown Campus,MTU Bishopstown Campus,Education,University,Munster Technological University,Unknown,Rossa Avenue,Cork,,,51.8856368,-8.5384914,Active,OpenStreetMap,2025-11-24
OSM-IMP-00093,Hermitage Medical Clinic,Hermitage Medical Clinic,Healthcare,Hospital,Hermitage Medical Clinic,Unknown,Old Lucan Road,,,D20 W722,53.3592363,-6.4057718,Active,OpenStreetMap,2025-11-24
OSM-IMP-00094,St. Columcille's Hospital,St. Columcille's Hospital,Healthcare,Hospital,Health Service Executive,Unknown,Bray Road,,,,53.242361,-6.1328959,Active,OpenStreetMap,2025-11-24
OSM-IMP-00095,St. Michael's Hospital,St. Michael's Hospital,Healthcare,Hospital,Health Service Executive,Unknown,George's Street Lower,Dún Laoghaire,,A96 P902,53.2941298,-6.1380259,Active,OpenStreetMap,2025-11-24
OSM-IMP-00096,National Rehabilitation Hospital,National Rehabilitation Hospital,Healthcare,Hospital,Unknown,Unknown,Rochestown Avenue,Dún Laoghaire,,,53.27556,-6.1527603,Active,OpenStreetMap,2025-11-24
OSM-IMP-00097,Technological University of Dublin,Technological University of Dublin,Education,University,Unknown,Unknown,Needs Verification,,,,53.3565649,-6.2496303,Active,OpenStreetMap,2025-11-24
OSM-IMP-00098,National College of Art and Design,National College of Art and Design,Education,University,National College of Art and Design,Unknown,100 Thomas Street,Dublin,,,53.343482,-6.2785241,Active,OpenStreetMap,2025-11-24
OSM-IMP-00099,National College of Art & Design,National College of Art & Design,Education,University,Unknown,Unknown,Needs Verification,,,,53.3435643,-6.2770462,Active,OpenStreetMap,2025-11-24
OSM-IMP-00100,TU Dublin Blanchardstown,TU Dublin Blanchardstown,Education,University,Unknown,Unknown,Blanchardstown Road North,Blanchardstown,,,53.4053177,-6.3811007,Active,OpenStreetMap,2025-11-24
OSM-IMP-00101,Daisy Hill Hospital,Daisy Hill Hospital,Healthcare,Hospital,Southern Health and Social Care Trust,Unknown,5 Hospital Road,Newry,,BT35 8DR,54.1797795,-6.3508635,Active,OpenStreetMap,2025-11-24
OSM-IMP-00102,Midland Regional Hospital Tullamore,Midland Regional Hospital Tullamore,Healthcare,Hospital,Health Service Executive,Unknown,Ardan Road,Tullamore,,,53.2829962,-7.4888105,Active,OpenStreetMap,2025-11-24
OSM-IMP-00103,Saint Ita's Psychiatric Hospital,Saint Ita's Psychiatric Hospital,Healthcare,Hospital,Unknown,Unknown,Needs Verification,,,,53.4874897,-6.1131556,Active,OpenStreetMap,2025-11-24
OSM-IMP-00104,National Maritime College of Ireland,National Maritime College of Ireland,Education,University,Munster Technological University,Unknown,Needs Verification,Ringaskiddy,,P43 XV65,51.8328179,-8.3048493,Active,OpenStreetMap,2025-11-24
OSM-IMP-00105,Saint Mary's Health Campus,Saint Mary's Health Campus,Healthcare,Hospital,Unknown,Unknown,Baker's Road,,,,51.9047514,-8.49966,Active,OpenStreetMap,2025-11-24
OSM-IMP-00106,Saint Finbarr's Hospital,Saint Finbarr's Hospital,Healthcare,Hospital,Unknown,Unknown,Douglas Road,Cork,,T12 XH60,51.8876146,-8.4610361,Active,OpenStreetMap,2025-11-24
OSM-IMP-00107,Rotunda Hospital,Rotunda Hospital,Healthcare,Hospital,Unknown,Unknown,Parnell Square West,Dublin,,D01 P5W9,53.3529779,-6.2633455,Active,OpenStreetMap,2025-11-24
OSM-IMP-00108,Bon Secours Hospital,Bon Secours Hospital,Healthcare,Hospital,Unknown,Unknown,College Road,Cork,,T12 DV56,51.8924945,-8.4974301,Active,OpenStreetMap,2025-11-24
OSM-IMP-00109,University College Cork Western Campus,University College Cork Western Campus,Education,University,Unknown,Unknown,Needs Verification,,,,51.8921223,-8.5006349,Active,OpenStreetMap,2025-11-24
OSM-IMP-00110,IPA - Institute of Public Administration,IPA - Institute of Public Administration,Education,University,Unknown,Unknown,57-61 Lansdowne Road,,,,53.3335754,-6.2299835,Active,OpenStreetMap,2025-11-24
OSM-IMP-00111,Phoenix Care Centre,Phoenix Care Centre,Healthcare,Hospital,Health Service Executive,Unknown,North Circular Road,Dublin,,D07 VPT0,53.3572814,-6.2851429,Active,OpenStreetMap,2025-11-24
OSM-IMP-00112,Blackrock Clinic,Blackrock Clinic,Healthcare,Hospital,Unknown,Unknown,Rock Road,Dublin,,A94E4X7,53.3038004,-6.1886409,Active,OpenStreetMap,2025-11-24
OSM-IMP-00113,Leopardstown Park Hospital,Leopardstown Park Hospital,Healthcare,Hospital,Unknown,Unknown,Needs Verification,,,,53.268336,-6.2027095,Active,OpenStreetMap,2025-11-24
OSM-IMP-00114,Saint Camillus Hospital,Saint Camillus Hospital,Healthcare,Hospital,Unknown,Unknown,Shelbourne Road,Limerick,,,52.6687728,-8.6424399,Active,OpenStreetMap,2025-11-24
OSM-IMP-00115,South East Technological University - Summerhill Road Campus,South East Technological University - Summerhill Road Campus,Education,University,South East Technological University,Unknown,Summerhill Road,Wexford,,Y35 KA07,52.3343065,-6.4719328,Active,OpenStreetMap,2025-11-24
OSM-IMP-00116,South East Technological University - Hill Street Campus,South East Technological University - Hill Street Campus,Education,University,South East Technological University,Unknown,Hill Street,Wexford,,Y35 FPC2,52.3413355,-6.4686525,Active,OpenStreetMap,2025-11-24
OSM-IMP-00117,Mater Private Cork,Mater Private Cork,Healthcare,Hospital,Unknown,Unknown,City Gate,Cork,,,51.8863277,-8.4061109,Active,OpenStreetMap,2025-11-24
OSM-IMP-00118,The Lir,The Lir,Education,University,Unknown,Unknown,Pearse Street,Dublin,,,53.3421868,-6.239204,Active,OpenStreetMap,2025-11-24
OSM-IMP-00119,Mount Carmel Community Hospital,Mount Carmel Community Hospital,Healthcare,Hospital,Mowlam Healthcare,Unknown,Braemor Park,Dublin,,,53.3044944,-6.2653054,Active,OpenStreetMap,2025-11-24
OSM-IMP-00120,Barrington's Hospital,Barrington's Hospital,Healthcare,Hospital,Bon Secours Health System,Unknown,Needs Verification,,,,52.6667869,-8.6212082,Active,OpenStreetMap,2025-11-24
OSM-IMP-00121,University Hospital Kerry,University Hospital Kerry,Healthcare,Hospital,Health Service Executive,Unknown,Needs Verification,Tralee,,V92 NX94,52.2658252,-9.6875883,Active,OpenStreetMap,2025-11-24
OSM-IMP-00122,Cork University Hospital,Cork University Hospital,Healthcare,Hospital,Health Service Executive,Unknown,Bishopstown Road,Cork,,,51.8833458,-8.5120707,Active,OpenStreetMap,2025-11-24
OSM-IMP-00123,Saint Mary's Hospital,Saint Mary's Hospital,Healthcare,Hospital,Unknown,Unknown,Phoenix Park,Dublin,,,53.3509128,-6.3372797,Active,OpenStreetMap,2025-11-24
OSM-IMP-00124,St. Luke's General Hospital,St. Luke's General Hospital,Healthcare,Hospital,Health Service Executive,Unknown,Freshford Road,Kilkenny,,,52.6664688,-7.2628474,Active,OpenStreetMap,2025-11-24
OSM-IMP-00125,Altnagelvin Hospital,Altnagelvin Hospital,Healthcare,Hospital,Unknown,Unknown,Glenshane Road,Derry,,BT47 6SB,54.9864391,-7.2915854,Active,OpenStreetMap,2025-11-24
OSM-IMP-00126,Gransha Park Hospital,Gransha Park Hospital,Healthcare,Hospital,Western Health and Social Care Trust,Unknown,Clooney Road,,,,55.015507,-7.278551,Active,OpenStreetMap,2025-11-24
OSM-IMP-00127,Saint John of God Hospital,Saint John of God Hospital,Healthcare,Hospital,Unknown,Unknown,Stillorgan Road,,,,53.2853729,-6.1911131,Active,OpenStreetMap,2025-11-24
OSM-IMP-00128,Hillside Farm,Hillside Farm,Healthcare,Hospital,Unknown,Unknown,Needs Verification,,,,53.3806261,-6.2554747,Active,OpenStreetMap,2025-11-24
OSM-IMP-00129,Coombe Women & Infants University Hospital,Coombe Women & Infants University Hospital,Healthcare,Hospital,Unknown,Unknown,Cork Street,Dolphin's Barn,,,53.3346769,-6.2882595,Active,OpenStreetMap,2025-11-24
OSM-IMP-00130,"Ulster University, Belfast Campus","Ulster University, Belfast Campus",Education,University,Ulster University,Unknown,York Street,Belfast,,BT15 1ED,54.6047436,-5.9296251,Active,OpenStreetMap,2025-11-24
OSM-IMP-00131,Highfield Healthcare,Highfield Healthcare,Healthcare,Hospital,Highfield Healthcare,Unknown,9 Swords Road,,,,53.3785494,-6.2453342,Active,OpenStreetMap,2025-11-24
OSM-IMP-00132,Dublin City University Glasnevin Campus,Dublin City University Glasnevin Campus,Education,University,Dublin City University,Unknown,Collins Avenue Extension,Dublin,,,53.3850647,-6.2588819,Active,OpenStreetMap,2025-11-24
OSM-IMP-00133,Dublin City University Mater Dei Campus,Dublin City University Mater Dei Campus,Education,University,Dublin City University,Unknown,Clonliffe Road,Dublin,,,53.3637553,-6.254975,Active,OpenStreetMap,2025-11-24
OSM-IMP-00134,Holy Cross College & Diocesan Centre,Holy Cross College & Diocesan Centre,Education,University,Unknown,Unknown,Clonliffe Road,Dublin,,,53.3649787,-6.2528335,Active,OpenStreetMap,2025-11-24
OSM-IMP-00135,Children's Health Ireland at Temple Street,Children's Health Ireland at Temple Street,Healthcare,Hospital,Health Service Executive,Unknown,Needs Verification,,,,53.3570939,-6.2615305,Active,OpenStreetMap,2025-11-24
OSM-IMP-00136,Bon Secours Hospital Galway,Bon Secours Hospital Galway,Healthcare,Hospital,Unknown,Unknown,Needs Verification,,,,53.2777871,-9.0205464,Active,OpenStreetMap,2025-11-24
OSM-IMP-00137,Gorey District Hospital,Gorey District Hospital,Healthcare,Hospital,Unknown,Unknown,Needs Verification,,,,52.6743637,-6.3001241,Active,OpenStreetMap,2025-11-24
OSM-IMP-00138,Saint Vincent's Hospital,Saint Vincent's Hospital,Healthcare,Hospital,Health Service Executive,Unknown,Needs Verification,,,,52.9984746,-6.9951015,Active,OpenStreetMap,2025-11-24
OSM-IMP-00139,Mid-Western Regional Orthopaedic Hospital,Mid-Western Regional Orthopaedic Hospital,Healthcare,Hospital,Health Service Executive,Unknown,Needs Verification,,,,52.5271093,-8.7122312,Active,OpenStreetMap,2025-11-24
OSM-IMP-00140,Youghal Community Hospital,Youghal Community Hospital,Healthcare,Hospital,Unknown,Unknown,Needs Verification,,,,51.9575566,-7.8600877,Active,OpenStreetMap,2025-11-24
OSM-IMP-00141,Our Lady’s Hospital,Our Lady’s Hospital,Healthcare,Hospital,Health Service Executive,Unknown,Needs Verification,,,,53.6502026,-6.6974837,Active,OpenStreetMap,2025-11-24
OSM-IMP-00142,Cavan General Hospital,Cavan General Hospital,Healthcare,Hospital,Health Service Executive,Unknown,Golf Links Road,,,,54.0010654,-7.3717336,Active,OpenStreetMap,2025-11-24
OSM-IMP-00143,Saint Vincent's Hospital,Saint Vincent's Hospital,Healthcare,Hospital,Unknown,Unknown,Needs Verification,,,,53.3660436,-6.2440448,Active,OpenStreetMap,2025-11-24
OSM-IMP-00144,Gheel Autism Services,Gheel Autism Services,Healthcare,Hospital,Unknown,Unknown,Needs Verification,,,,53.3676609,-6.241519,Active,OpenStreetMap,2025-11-24
OSM-IMP-00145,Saint Canice's Psychiatric Hospital,Saint Canice's Psychiatric Hospital,Healthcare,Hospital,Unknown,Unknown,Needs Verification,,,,52.6485475,-7.2320548,Active,OpenStreetMap,2025-11-24
OSM-IMP-00146,Kilcreene Hospital,Kilcreene Hospital,Healthcare,Hospital,Health Service Executive,Unknown,Ballycallan Road,Kilkenny,,,52.6524251,-7.2748897,Active,OpenStreetMap,2025-11-24
OSM-IMP-00147,Fairview Community Unit (Mater Hospital),Fairview Community Unit (Mater Hospital),Healthcare,Hospital,Unknown,Unknown,Needs Verification,,,,53.3677772,-6.2432773,Active,OpenStreetMap,2025-11-24
OSM-IMP-00148,Aut Even Hospital,Aut Even Hospital,Healthcare,Hospital,Unknown,Unknown,Freshford Road,Kilkenny,,,52.6765697,-7.2702811,Active,OpenStreetMap,2025-11-24
OSM-IMP-00149,Marino Institute of Education,Marino Institute of Education,Education,University,Unknown,Unknown,Griffith Avenue,Dublin,,,53.3732358,-6.232584,Active,OpenStreetMap,2025-11-24
OSM-IMP-00151,Atlantic Technological University Connemara,Atlantic Technological University Connemara,Education,University,Unknown,Unknown,Needs Verification,,,,53.552561,-9.9474869,Active,OpenStreetMap,2025-11-24
OSM-IMP-00152,"St Stephen's Hospital, Sarsfield Court","St Stephen's Hospital, Sarsfield Court",Healthcare,Hospital,Unknown,Unknown,Needs Verification,,,T45 VK40,51.9537296,-8.4037043,Active,OpenStreetMap,2025-11-24
OSM-IMP-00153,Everton Centre,Everton Centre,Healthcare,Hospital,Unknown,Unknown,Needs Verification,,,,54.6161919,-5.967655,Active,OpenStreetMap,2025-11-24
OSM-IMP-00155,Mallow General Hospital,Mallow General Hospital,Healthcare,Hospital,Health Service Executive,Unknown,Needs Verification,,,,52.15165,-8.6637739,Active,OpenStreetMap,2025-11-24
OSM-IMP-00156,Bantry General Hospital,Bantry General Hospital,Healthcare,Hospital,Health Service Executive,Unknown,Needs Verification,,,,51.6762219,-9.4501359,Active,OpenStreetMap,2025-11-24
OSM-IMP-00157,South West Acute Hospital,South West Acute Hospital,Healthcare,Hospital,Western Trust,Unknown,124 Irvinestown Road,Enniskillen,,BT74 6DN,54.3664932,-7.6376731,Active,OpenStreetMap,2025-11-24
OSM-IMP-00158,Cloonamahon Learning Disability Services,Cloonamahon Learning Disability Services,Healthcare,Hospital,Unknown,Unknown,Needs Verification,,,,54.1557222,-8.4855336,Active,OpenStreetMap,2025-11-24
OSM-IMP-00159,Saint Brigid's Hospital,Saint Brigid's Hospital,Healthcare,Hospital,Unknown,Unknown,Needs Verification,,,,53.3315802,-8.2055555,Active,OpenStreetMap,2025-11-24
OSM-IMP-00160,Stranmillis University College,Stranmillis University College,Education,University,Unknown,Unknown,Needs Verification,,,,54.5725771,-5.9372259,Active,OpenStreetMap,2025-11-24
OSM-IMP-00161,Portiuncula University Hospital,Portiuncula University Hospital,Healthcare,Hospital,Health Service Executive,Unknown,Needs Verification,,,H53 T971,53.3270871,-8.2355326,Active,OpenStreetMap,2025-11-24
OSM-IMP-00162,Birr Community Hospital and Nursing Home,Birr Community Hospital and Nursing Home,Healthcare,Hospital,Unknown,Unknown,Needs Verification,,,,53.0981363,-7.8997095,Active,OpenStreetMap,2025-11-24
OSM-IMP-00163,Dungarvan Community Hospital & Community Services,Dungarvan Community Hospital & Community Services,Healthcare,Hospital,Health Service Executive,Unknown,Springfield,,,,52.0873015,-7.6366806,Active,OpenStreetMap,2025-11-24
OSM-IMP-00164,St. Mary's Hospital,St. Mary's Hospital,Healthcare,Hospital,Unknown,Unknown,Needs Verification,,,,53.5357378,-7.3510039,Active,OpenStreetMap,2025-11-24
OSM-IMP-00165,Macroom Community Hospital,Macroom Community Hospital,Healthcare,Hospital,Unknown,Unknown,Needs Verification,,,,51.9074552,-8.9675644,Active,OpenStreetMap,2025-11-24
OSM-IMP-00166,Royal Victoria Hospital,Royal Victoria Hospital,Healthcare,Hospital,Belfast Health and Social Care Trust (BHSCT) - NHS,Unknown,Needs Verification,,,,54.5947668,-5.9543819,Active,OpenStreetMap,2025-11-24
OSM-IMP-00167,Forster Green Hospital,Forster Green Hospital,Healthcare,Hospital,Belfast Health and Social Care Trust,Unknown,Needs Verification,,,,54.562309,-5.906021,Active,OpenStreetMap,2025-11-24
OSM-IMP-00168,University of Ulster at Coleraine,University of Ulster at Coleraine,Education,University,Ulster University,Unknown,Cromore Road,Coleraine,,BT52 1SA,55.1508349,-6.6774882,Active,OpenStreetMap,2025-11-24
OSM-IMP-00169,Roscommon Hospital,Roscommon Hospital,Healthcare,Hospital,Unknown,Unknown,Needs Verification,,,,53.6245107,-8.1754144,Active,OpenStreetMap,2025-11-24
OSM-IMP-00170,St. Vincent's Private Hospital,St. Vincent's Private Hospital,Healthcare,Hospital,Unknown,Unknown,Needs Verification,,,,53.3155696,-6.2092659,Active,OpenStreetMap,2025-11-24
OSM-IMP-00171,St Mary's Hospital,St Mary's Hospital,Healthcare,Hospital,Unknown,Unknown,Needs Verification,,,,53.6113796,-7.0702182,Active,OpenStreetMap,2025-11-24
OSM-IMP-00172,Atlantic Technological University Donegal Letterkenny,Atlantic Technological University Donegal Letterkenny,Education,University,Atlantic Technological University,Unknown,Port Road,Letterkenny,,,54.9515559,-7.7206947,Active,OpenStreetMap,2025-11-24
OSM-IMP-00173,Kenmare Public Hospital,Kenmare Public Hospital,Healthcare,Hospital,Unknown,Unknown,Needs Verification,,,,51.8889896,-9.5816498,Active,OpenStreetMap,2025-11-24
OSM-IMP-00174,Muckamore Abbey Hospital,Muckamore Abbey Hospital,Healthcare,Hospital,Unknown,Unknown,Needs Verification,,,,54.6924436,-6.1878393,Active,OpenStreetMap,2025-11-24
OSM-IMP-00175,Antrim Area Hospital,Antrim Area Hospital,Healthcare,Hospital,Unknown,Unknown,Needs Verification,Antrim,,BT41 2RL,54.7330326,-6.1891332,Active,OpenStreetMap,2025-11-24
OSM-IMP-00176,Holywell Hospital,Holywell Hospital,Healthcare,Hospital,Unknown,Unknown,Needs Verification,,,,54.7327846,-6.2076337,Active,OpenStreetMap,2025-11-24
OSM-IMP-00177,UCD Michael Smurfit Graduate Business School,UCD Michael Smurfit Graduate Business School,Education,University,University College Dublin,Unknown,Needs Verification,,,,53.2958056,-6.1843941,Active,OpenStreetMap,2025-11-24
OSM-IMP-00178,Cahercalla Hospital,Cahercalla Hospital,Healthcare,Hospital,Unknown,Unknown,Needs Verification,,,,52.8325595,-9.0042012,Active,OpenStreetMap,2025-11-24
OSM-IMP-00179,Midland Regional Hospital Portlaoise,Midland Regional Hospital Portlaoise,Healthcare,Hospital,Health Service Executive,Unknown,Needs Verification,,,,53.0375537,-7.2753556,Active,OpenStreetMap,2025-11-24
OSM-IMP-00180,MTU Tralee North Campus,MTU Tralee North Campus,Education,University,Munster Technological University,Unknown,Needs Verification,,,,52.2889392,-9.6700504,Active,OpenStreetMap,2025-11-24
OSM-IMP-00181,Downe Hospital,Downe Hospital,Healthcare,Hospital,Unknown,Unknown,2 Struell Wells Road,Downpatrick,,BT30 6RL,54.3221659,-5.6941021,Active,OpenStreetMap,2025-11-24
OSM-IMP-00182,RCSI Reservoir House,RCSI Reservoir House,Education,University,Royal College of Surgeons in Ireland,Unknown,Ballymoss Road,Sandyford Industrial Estate,,,53.2785066,-6.2097864,Active,OpenStreetMap,2025-11-24
OSM-IMP-00183,Braid Valley Care Complex,Braid Valley Care Complex,Healthcare,Hospital,Northern Health and Social Care Trust,Unknown,Cushendall Road,Ballymena,,BT43 6HL,54.8749648,-6.272589,Active,OpenStreetMap,2025-11-24
OSM-IMP-00184,Irish Wheelchair Association and Respite Centre,Irish Wheelchair Association and Respite Centre,Healthcare,Hospital,Unknown,Unknown,Needs Verification,,,,53.3680744,-6.1998624,Active,OpenStreetMap,2025-11-24
OSM-IMP-00185,Robinson Hospital,Robinson Hospital,Healthcare,Hospital,Unknown,Unknown,Needs Verification,,,,55.072073,-6.5058616,Active,OpenStreetMap,2025-11-24
OSM-IMP-00186,St Bricin's Military Hospital,St Bricin's Military Hospital,Healthcare,Hospital,Department of Defence,Unknown,Needs Verification,,,,53.3517887,-6.2911231,Active,OpenStreetMap,2025-11-24
OSM-IMP-00187,Killarney Community Hospital,Killarney Community Hospital,Healthcare,Hospital,Unknown,Unknown,Needs Verification,,,,52.0655279,-9.5173318,Active,OpenStreetMap,2025-11-24
OSM-IMP-00188,Saint Patrick’s University Hospital,Saint Patrick’s University Hospital,Healthcare,Hospital,St. Patrick's Mental Health Services,Unknown,Steeven's Lane,Dublin,,,53.3442005,-6.2934209,Active,OpenStreetMap,2025-11-24
OSM-IMP-00189,Mace Head Research Station,Mace Head Research Station,Education,University,National University of Ireland Galway,Unknown,Needs Verification,,,,53.3265562,-9.9029006,Active,OpenStreetMap,2025-11-24
OSM-IMP-00190,MTU Tralee South Campus,MTU Tralee South Campus,Education,University,Munster Technological University,Unknown,Needs Verification,,,,52.271479,-9.6889892,Active,OpenStreetMap,2025-11-24
OSM-IMP-00191,St. Finan's Hospital,St. Finan's Hospital,Healthcare,Hospital,Unknown,Unknown,Needs Verification,,,,52.0676059,-9.5113055,Active,OpenStreetMap,2025-11-24
OSM-IMP-00192,Bon Secours Hospital,Bon Secours Hospital,Healthcare,Hospital,Unknown,Unknown,Needs Verification,,,,52.2699908,-9.7131143,Active,OpenStreetMap,2025-11-24
OSM-IMP-00193,Our Lady of Lourdes Hospital,Our Lady of Lourdes Hospital,Healthcare,Hospital,Health Service Executive,Unknown,Needs Verification,,,,53.7221584,-6.3539146,Active,OpenStreetMap,2025-11-24
OSM-IMP-00194,Saint Fintan's Hospital,Saint Fintan's Hospital,Healthcare,Hospital,Unknown,Unknown,Needs Verification,,,,53.0357179,-7.2845232,Active,OpenStreetMap,2025-11-24
OSM-IMP-00195,St. Joseph's Hospital,St. Joseph's Hospital,Healthcare,Hospital,Unknown,Unknown,Needs Verification,,,,52.6576366,-8.6133453,Active,OpenStreetMap,2025-11-24
OSM-IMP-00196,Dundalk Institute of Technology - DKIT,Dundalk Institute of Technology - DKIT,Education,University,Unknown,Unknown,Dublin Road,,,,53.9831724,-6.3900683,Active,OpenStreetMap,2025-11-24
OSM-IMP-00197,Midleton Community Hospital,Midleton Community Hospital,Healthcare,Hospital,Unknown,Unknown,Needs Verification,,,,51.9180805,-8.1718839,Active,OpenStreetMap,2025-11-24
OSM-IMP-00198,UCC School of Music and Theatre,UCC School of Music and Theatre,Education,University,University College Cork,Unknown,Dyke Parade,Cork,,,51.8967442,-8.484865,Active,OpenStreetMap,2025-11-24
OSM-IMP-00199,Royal Victoria Eye and Ear Hospital,Royal Victoria Eye and Ear Hospital,Healthcare,Hospital,Health Service Executive,Unknown,Adelaide Road,Dublin,,,53.3328209,-6.2556581,Active,OpenStreetMap,2025-11-24
OSM-IMP-00200,"Ulster University, Jordanstown Campus","Ulster University, Jordanstown Campus",Education,University,Ulster University,Unknown,Shore Road,Newtownabbey,,BT37 0QB,54.6870837,-5.883542,Active,OpenStreetMap,2025-11-24
OSM-IMP-00201,Atlantic Technological University Galway,Atlantic Technological University Galway,Education,University,Unknown,Unknown,Needs Verification,,,,53.2835436,-9.0257371,Active,OpenStreetMap,2025-11-24
OSM-IMP-00202,St Peter's,St Peter's,Healthcare,Hospital,Unknown,Unknown,Needs Verification,,,,53.6757038,-7.3004622,Active,OpenStreetMap,2025-11-24
OSM-IMP-00203,Dublin Institute for Advanced Studies,Dublin Institute for Advanced Studies,Education,University,Unknown,Unknown,10 Burlington Road,Dublin,,D04 C932,53.331181,-6.2459269,Active,OpenStreetMap,2025-11-24
OSM-IMP-00204,Bloomfield Health Services & Quaker House,Bloomfield Health Services & Quaker House,Healthcare,Hospital,Bloomfield Care Centre CLG,Unknown,Stocking Lane,,,D16 C6T4,53.2722253,-6.3043015,Active,OpenStreetMap,2025-11-24
OSM-IMP-00205,Trinity College Dublin,College of the Holy and Undivided Trinity of Queen Elizabeth near Dublin,Education,University,Unknown,Unknown,College Green,Dublin,,,53.3437375,-6.2544619,Active,OpenStreetMap,2025-11-24
OSM-IMP-00206,"Trinity Biomedical Sciences Institute (Trinity College, Dublin)","Trinity Biomedical Sciences Institute (Trinity College, Dublin)",Education,University,"Trinity College, Dublin",Unknown,152-160 Pearse Street,Dublin,,,53.3433586,-6.2472837,Active,OpenStreetMap,2025-11-24
OSM-IMP-00207,Royal College of Surgeons in Ireland,Royal College of Surgeons in Ireland,Education,University,Unknown,Unknown,Needs Verification,,,,53.3391784,-6.2626155,Active,OpenStreetMap,2025-11-24
OSM-IMP-00208,Belfast City Hospital,Belfast City Hospital,Healthcare,Hospital,Belfast Health and Social Care Trust (BHSCT) - NHS,Unknown,51 Lisburn Road,Belfast,,BT9 7AB,54.587348,-5.9443858,Active,OpenStreetMap,2025-11-24
OSM-IMP-00209,"North West Independent Hospital, Ballykelly","North West Independent Hospital, Ballykelly",Healthcare,Hospital,Unknown,Unknown,Main Street,Ballykelly,,BT49 9HS,55.0454705,-7.0136224,Active,OpenStreetMap,2025-11-24
OSM-IMP-00210,TUS Clonmel Digital Campus,TUS Clonmel Digital Campus,Education,University,Technological University of the Shannon: Midlands Midwest,Unknown,Frank Drohan Road,Clonmel,,E91D896,52.3648005,-7.7055273,Active,OpenStreetMap,2025-11-24
OSM-IMP-00211,Sacred Heart University Dingle Campus,Sacred Heart University Dingle Campus,Education,University,Sacred Heart University,Unknown,Sráid Eoin,Dingle,,V92V593,52.1393028,-10.267036,Active,OpenStreetMap,2025-11-24
OSM-IMP-00212,Royal Irish Academy of Music,Royal Irish Academy of Music,Education,University,Unknown,Unknown,36-38 Westland Row,Dublin,,,53.3423274,-6.2496974,Active,OpenStreetMap,2025-11-24
OSM-IMP-00213,Moyle Hospital,Moyle Hospital,Healthcare,Hospital,Unknown,Unknown,Needs Verification,,,,54.8543825,-5.817609,Active,OpenStreetMap,2025-11-24
OSM-IMP-00214,Mercy University Hospital,Mercy University Hospital,Healthcare,Hospital,Health Service Executive,Unknown,Grenville Place,,,T12 WE28,51.8989322,-8.4824487,Active,OpenStreetMap,2025-11-24
OSM-IMP-00215,St. John's Hospital Limerick,St. John's Hospital Limerick,Healthcare,Hospital,Unknown,Unknown,New Road,Limerick,,,52.6633523,-8.6167955,Active,OpenStreetMap,2025-11-24
OSM-IMP-00216,Naas General Hospital,Naas General Hospital,Healthcare,Hospital,Health Service Executive,Unknown,Needs Verification,,,,53.2113879,-6.6609706,Active,OpenStreetMap,2025-11-24
OSM-IMP-00217,Wexford General Hospital,Wexford General Hospital,Healthcare,Hospital,Health Service Executive,Unknown,Newtown Road,Wexford,,,52.3431683,-6.4818362,Active,OpenStreetMap,2025-11-24
OSM-IMP-00218,Ennis Hospital,Ennis Hospital,Healthcare,Hospital,Unknown,Unknown,Needs Verification,,,,52.85109,-8.9832841,Active,OpenStreetMap,2025-11-24
OSM-IMP-00219,South Tipperary General Hospital,South Tipperary General Hospital,Healthcare,Hospital,Health Service Executive,Unknown,Needs Verification,,,,52.355711,-7.7157174,Active,OpenStreetMap,2025-11-24
OSM-IMP-00220,Questum Enterprise Centre,Questum Enterprise Centre,Education,University,Technological University of the Shannon: Midlands Midwest,Unknown,Needs Verification,,,E91 V329,52.3579362,-7.7424285,Active,OpenStreetMap,2025-11-24
OSM-IMP-00221,Saint Felim's Hospital,Saint Felim's Hospital,Healthcare,Hospital,Unknown,Unknown,Needs Verification,,,,54.0047226,-7.3580495,Active,OpenStreetMap,2025-11-24
OSM-IMP-00222,"Westland Square (Trinity College, Dublin)","Westland Square (Trinity College, Dublin)",Education,University,"Trinity College, Dublin",Unknown,8 Westland Square,Dublin,,,53.343798,-6.2467992,Active,OpenStreetMap,2025-11-24
OSM-IMP-00224,Lurgan Hospital,Lurgan Hospital,Healthcare,Hospital,Unknown,Unknown,Union Street,,,,54.4564919,-6.3390073,Active,OpenStreetMap,2025-11-24
OSM-IMP-00225,Griffith College Cork,Griffith College Cork,Education,University,Bellerophon Limited,Unknown,Wellington Road,Cork,,,51.904068,-8.4607351,Active,OpenStreetMap,2025-11-24
OSM-IMP-00226,Dublin City University Innovation Campus,Dublin City University Innovation Campus,Education,University,Dublin City University,Unknown,Needs Verification,,,,53.3764394,-6.2706941,Active,OpenStreetMap,2025-11-24
OSM-IMP-00227,St. Mary's University College,St. Mary's University College,Education,University,Unknown,Unknown,191 Falls Road,Belfast,,BT12 6FE,54.5938551,-5.9613435,Active,OpenStreetMap,2025-11-24
OSM-IMP-00229,Musgrave Park Hospital,Musgrave Park Hospital,Healthcare,Hospital,Belfast Health and Social Care Trust (BHSCT) - NHS,Unknown,Needs Verification,,,,54.5688772,-5.9780581,Active,OpenStreetMap,2025-11-24
OSM-IMP-00230,"Institute of Art, Design + Technology","Institute of Art, Design + Technology",Education,University,Unknown,Unknown,Kill Avenue,Dún Laoghaire,,A96 KH79,53.2800609,-6.1522795,Active,OpenStreetMap,2025-11-24
OSM-IMP-00231,Saint Ita's Community Hospital,Saint Ita's Community Hospital,Healthcare,Hospital,Unknown,Unknown,Needs Verification,,,,52.455637,-9.0545112,Active,OpenStreetMap,2025-11-24
OSM-IMP-00232,ATU Mayo Campus,ATU Mayo Campus,Education,University,Atlantic Technological University,Unknown,Westport Road,Castlebar,,F23 X853,53.8495663,-9.3044433,Active,OpenStreetMap,2025-11-24
OSM-IMP-00233,The National Maternity Hospital,The National Maternity Hospital,Healthcare,Hospital,Unknown,Unknown,Holles Street,,,,53.3401458,-6.245786,Active,OpenStreetMap,2025-11-24
OSM-IMP-00234,Mater Infirmorum Hospital,Mater Infirmorum Hospital,Healthcare,Hospital,Belfast Health and Social Care Trust (BHSCT) - NHS,Unknown,45-54 Crumlin Road,Belfast,,BT14 6AB,54.6087456,-5.9394251,Active,OpenStreetMap,2025-11-24
OSM-IMP-00235,Riddel Hall,Riddel Hall,Education,University,Unknown,Unknown,Needs Verification,,,,54.5757132,-5.935306,Active,OpenStreetMap,2025-11-24
OSM-IMP-00236,University square,University square,Education,University,Unknown,Unknown,Needs Verification,,,,54.585672,-5.9341959,Active,OpenStreetMap,2025-11-24
OSM-IMP-00238,Garda College,Garda College,Education,University,Garda Síochána,Unknown,Needs Verification,Templemore,,,52.7913113,-7.8420181,Active,OpenStreetMap,2025-11-24
OSM-IMP-00239,Knockbracken Healthcare Park,Knockbracken Healthcare Park,Healthcare,Hospital,Belfast Health and Social Care Trust (BHSCT) - NHS,Unknown,Needs Verification,,,,54.5394881,-5.9060059,Active,OpenStreetMap,2025-11-24
OSM-IMP-00240,Cluain Lir Care Centre,Cluain Lir Care Centre,Healthcare,Hospital,Health Service Executive,Unknown,Longford Road,Mullingar,,N91 T267,53.5360245,-7.352134,Active,OpenStreetMap,2025-11-24
OSM-IMP-00241,St. Mary's Hospital - Castleblayney,St. Mary's Hospital - Castleblayney,Healthcare,Hospital,Unknown,Unknown,Needs Verification,Castleblayney,,,54.1201856,-6.7447244,Active,OpenStreetMap,2025-11-24
OSM-IMP-00242,Law Society of Ireland,Law Society of Ireland,Education,University,Unknown,Unknown,Blackhall Place,Dublin,,,53.3486305,-6.2835295,Active,OpenStreetMap,2025-11-24
OSM-IMP-00243,Lagan Valley Hospital,Lagan Valley Hospital,Healthcare,Hospital,South Eastern Health and Social Care Trust,Unknown,39 Hillsborough Road,Lisburn,,BT28 1JP,54.5050966,-6.0448904,Active,OpenStreetMap,2025-11-24
OSM-IMP-00244,Falcarragh Medical Centre,Falcarragh Medical Centre,Healthcare,Hospital,Unknown,Unknown,Needs Verification,,,,55.1376544,-8.1006896,Active,OpenStreetMap,2025-11-24
OSM-IMP-00245,The Royal Hospitals,The Royal Hospitals,Healthcare,Hospital,Belfast Health and Social Care Trust (BHSCT) - NHS,Unknown,274 Grosvenor Road,Belfast,,BT12 6BA,54.5925179,-5.9549746,Active,OpenStreetMap,2025-11-24
OSM-IMP-00246,Causeway Hospital,Causeway Hospital,Healthcare,Hospital,Northern Health and Social Care Trust,Unknown,4 Newbridge Road,Coleraine,,BT52 1HS,55.1244292,-6.6508943,Active,OpenStreetMap,2025-11-24
OSM-IMP-00247,Mayo University Hospital,Mayo University Hospital,Healthcare,Hospital,Health Service Executive,Unknown,John Moore Road,,,,53.8507613,-9.3040352,Active,OpenStreetMap,2025-11-24
OSM-IMP-00248,Mayo Medical Academy,Mayo Medical Academy,Education,University,National University of Ireland Galway,Unknown,Westport Road,Castlebar,,,53.8512006,-9.3042567,Active,OpenStreetMap,2025-11-24
OSM-IMP-00249,Barretstown Gang Camp,Barretstown Gang Camp,Healthcare,Hospital,The Barretstown Camp Fund Ltd.,Unknown,Needs Verification,,,W91 RDX6,53.1527301,-6.5976935,Active,OpenStreetMap,2025-11-24
OSM-IMP-00250,Sacred Heart Hospital,Sacred Heart Hospital,Healthcare,Hospital,Unknown,Unknown,Needs Verification,,,,53.8629792,-9.2990856,Active,OpenStreetMap,2025-11-24
OSM-IMP-00251,Armagh Community Hospital,Armagh Community Hospital,Healthcare,Hospital,Unknown,Unknown,Needs Verification,,,,54.3507259,-6.6424642,Active,OpenStreetMap,2025-11-24
OSM-IMP-00252,St Lukes Hospital,St Lukes Hospital,Healthcare,Hospital,Unknown,Unknown,Needs Verification,,,,54.3619936,-6.6530973,Active,OpenStreetMap,2025-11-24
OSM-IMP-00253,Moorepark Food Research Centre,Moorepark Food Research Centre,Education,University,Teagasc,Unknown,Moorepark,Fermoy,,P61 C996,52.1631208,-8.2625668,Active,OpenStreetMap,2025-11-24
OSM-IMP-00254,Thompson House Hospital,Thompson House Hospital,Healthcare,Hospital,South Eastern Health and Social Care Trust,Unknown,Needs Verification,,,,54.5186753,-6.0492655,Active,OpenStreetMap,2025-11-24
OSM-IMP-00255,Ballina District Hospital,Ballina District Hospital,Healthcare,Hospital,Unknown,Unknown,Needs Verification,,,,54.1145705,-9.1653278,Active,OpenStreetMap,2025-11-24
OSM-IMP-00256,"Technological University Dublin, Aungier Street Campus","Technological University Dublin, Aungier Street Campus",Education,University,Technological University Dublin,Unknown,Aungier Street,Dublin,,,53.3388494,-6.2672943,Active,OpenStreetMap,2025-11-24
OSM-IMP-00257,Children's Health Ireland at Crumlin,Children's Health Ireland at Crumlin,Healthcare,Hospital,Health Service Executive,Unknown,Drimnagh Road,Dublin,,D12N512,53.3245419,-6.3219463,Active,OpenStreetMap,2025-11-24
OSM-IMP-00259,Saint John's Community Hospital and Community Service,Saint John's Community Hospital and Community Service,Healthcare,Hospital,Health Service Executive,Unknown,Munster Hill,New Ross,,,52.4956885,-6.5758661,Active,OpenStreetMap,2025-11-24
OSM-IMP-00260,Hospital Grounds New Ross,Hospital Grounds New Ross,Healthcare,Hospital,Unknown,Unknown,Hospital Road,New Ross,,,52.389359,-6.9389135,Active,OpenStreetMap,2025-11-24
OSM-IMP-00261,Monaghan General Hospital,Monaghan General Hospital,Healthcare,Hospital,Health Service Executive,Unknown,High Street,Monaghan,,H18 NV91,54.249822,-6.9741199,Active,OpenStreetMap,2025-11-24
OSM-IMP-00262,Ely Hospital,Ely Hospital,Healthcare,Hospital,Health Service Executive,Unknown,Ferrybank,Wexford,,,52.3457643,-6.4548537,Active,OpenStreetMap,2025-11-24
OSM-IMP-00263,South Tyrone Hospital,South Tyrone Hospital,Healthcare,Hospital,Southern Health and Social Care Trust,Unknown,Carland Road,Dungannon,,BT71 4AU,54.5102054,-6.769264,Active,OpenStreetMap,2025-11-24
OSM-IMP-00264,Whiteabbey Hospital,Whiteabbey Hospital,Healthcare,Hospital,Unknown,Unknown,Doagh Road,Newtownabbey,,BT37 9RH,54.6713942,-5.9091895,Active,OpenStreetMap,2025-11-24
OSM-IMP-00265,TUS Thurles Campus,TUS Thurles Campus,Education,University,Technological University of the Shannon: Midlands Midwest,Unknown,Needs Verification,Thurles,,,52.6865964,-7.8270381,Active,OpenStreetMap,2025-11-24
OSM-IMP-00266,Kanturk Community Hospital,Kanturk Community Hospital,Healthcare,Hospital,Health Service Executive,Unknown,Needs Verification,,,,52.1761463,-8.91634,Active,OpenStreetMap,2025-11-24
OSM-IMP-00267,Burren College of Art,Burren College of Art,Education,University,Unknown,Unknown,Needs Verification,,,,53.1036486,-9.1695288,Active,OpenStreetMap,2025-11-24
OSM-IMP-00268,Mater Private Hospital,Mater Private Hospital,Healthcare,Hospital,Unknown,Unknown,81-84 Dorset Street Upper,,,,53.3568602,-6.2649614,Active,OpenStreetMap,2025-11-24
OSM-IMP-00269,Incorporated Orthopaedic Hospital of Ireland,Incorporated Orthopaedic Hospital of Ireland,Healthcare,Hospital,Unknown,Unknown,Blackheath Park,,,,53.3672912,-6.2022513,Active,OpenStreetMap,2025-11-24
OSM-IMP-00270,Newcastle Hospital,Newcastle Hospital,Healthcare,Hospital,Health Service Executive,Unknown,Needs Verification,Greystones,,,53.0802983,-6.097742,Active,OpenStreetMap,2025-11-24
OSM-IMP-00271,St. Loman's Hospital,St. Loman's Hospital,Healthcare,Hospital,Unknown,Unknown,Lucan Road,,,D20 HK69,53.3566853,-6.407632,Active,OpenStreetMap,2025-11-24
OSM-IMP-00273,National Forensic Mental Health Service,National Forensic Mental Health Service,Healthcare,Hospital,Health Service Executive,Unknown,Needs Verification,,,,53.4891779,-6.1200476,Active,OpenStreetMap,2025-11-24
OSM-IMP-00274,Fermoy Community Hospital,Fermoy Community Hospital,Healthcare,Hospital,Health Service Executive,Unknown,Needs Verification,,,,52.1387108,-8.2566546,Active,OpenStreetMap,2025-11-24
OSM-IMP-00276,Kilrock House,Kilrock House,Healthcare,Hospital,Mental Health Commission,Unknown,Kilrock Road,Howth,,,53.3852001,-6.0594404,Active,OpenStreetMap,2025-11-24
OSM-IMP-00277,St Joseph's Community Hospital,St Joseph's Community Hospital,Healthcare,Hospital,Health Service Executive,Unknown,Needs Verification,,,,51.6520393,-9.9009403,Active,OpenStreetMap,2025-11-24
OSM-IMP-00278,St. Patrick's College,St. Patrick's College,Education,University,Unknown,Unknown,Needs Verification,,,,52.6773415,-7.8071203,Active,OpenStreetMap,2025-11-24
OSM-IMP-00279,St. Edmundsbury Hospital,St. Edmundsbury Hospital,Healthcare,Hospital,Unknown,Unknown,Needs Verification,,,,53.3628084,-6.4374845,Active,OpenStreetMap,2025-11-24
OSM-IMP-00280,Dalriada Hospital,Dalriada Hospital,Healthcare,Hospital,Unknown,Unknown,1A Coleraine Road,,,BT54 6EY,55.2004365,-6.257831,Active,OpenStreetMap,2025-11-24
OSM-IMP-00281,Bangor Community Hospital,Bangor Community Hospital,Healthcare,Hospital,Unknown,Unknown,Castle Street,Bangor,,BT20 4TA,54.6584835,-5.6628391,Active,OpenStreetMap,2025-11-24
OSM-IMP-00282,UCC Lee Maltings Complex,UCC Lee Maltings Complex,Education,University,University College Cork,Unknown,Needs Verification,,,,51.8981624,-8.4836158,Active,OpenStreetMap,2025-11-24
OSM-IMP-00283,University College Cork North Mall Campus,University College Cork North Mall Campus,Education,University,University College Cork,Unknown,Needs Verification,,,,51.8995038,-8.4874067,Active,OpenStreetMap,2025-11-24
OSM-IMP-00284,Waterford Residential Care Centre,Waterford Residential Care Centre,Healthcare,Hospital,Health Service Executive,Unknown,Needs Verification,,,,52.2501257,-7.1027261,Active,OpenStreetMap,2025-11-24
OSM-IMP-00285,Donegal District Hospital,Donegal District Hospital,Healthcare,Hospital,Unknown,Unknown,Needs Verification,,,,54.6555793,-8.0990925,Active,OpenStreetMap,2025-11-24
OSM-IMP-00286,MaREI Centre,MaREI Centre,Education,University,University College Cork,Unknown,Needs Verification,,,,51.8335164,-8.303529,Active,OpenStreetMap,2025-11-24
OSM-IMP-00287,"University Maternity Hospital, Limerick","University Maternity Hospital, Limerick",Healthcare,Hospital,Health Service Executive,Unknown,Ennis Road,,,,52.6674412,-8.6334651,Active,OpenStreetMap,2025-11-24
OSM-IMP-00288,St. Columba's Hospital,St. Columba's Hospital,Healthcare,Hospital,Unknown,Unknown,Needs Verification,,,,52.5303401,-7.1315368,Active,OpenStreetMap,2025-11-24
OSM-IMP-00289,Atlantic Technological University Killybegs Campus,Atlantic Technological University Killybegs Campus,Education,University,ATU,Unknown,Shore Road,Killybegs,,F94 DV52,54.6311193,-8.4446019,Active,OpenStreetMap,2025-11-24
OSM-IMP-00290,MTU Crawford College of Art & Design,MTU Crawford College of Art & Design,Education,University,Munster Technological University,Unknown,Sharman Crawford Street,Cork,,T12XK25,51.8951011,-8.4818416,Active,OpenStreetMap,2025-11-24
OSM-IMP-00291,Our Lady's Hospital,Our Lady's Hospital,Healthcare,Hospital,Unknown,Unknown,Needs Verification,,,,54.3036745,-8.166855,Active,OpenStreetMap,2025-11-24
OSM-IMP-00292,Saint Davnet's Hospital,Saint Davnet's Hospital,Healthcare,Hospital,Health Service Executive,Unknown,Needs Verification,,,,54.2516456,-6.9612638,Active,OpenStreetMap,2025-11-24
OSM-IMP-00294,Mary Immaculate College,Mary Immaculate College,Education,University,Unknown,Unknown,Needs Verification,Limerick,,,52.6526023,-8.6376723,Active,OpenStreetMap,2025-11-24
OSM-IMP-00295,South East Technological University - Applied Technology Campus,South East Technological University - Applied Technology Campus,Education,University,South East Technological University,Unknown,IDA Industrial Estate,Waterford,,X91 TX03,52.2469506,-7.1453241,Active,OpenStreetMap,2025-11-24
OSM-IMP-00296,Baggot St Hospital,Baggot St Hospital,Healthcare,Hospital,Health Service Executive,Unknown,Needs Verification,,,,53.3339786,-6.2440757,Active,OpenStreetMap,2025-11-24
OSM-IMP-00298,Saint Mary's Hospital,Saint Mary's Hospital,Healthcare,Hospital,Saint John of God North East Services,Unknown,Needs Verification,Dunleer,,,53.8619394,-6.3785508,Active,OpenStreetMap,2025-11-24
OSM-IMP-00299,TUS Ennis,TUS Ennis,Education,University,Technological University of the Shannon: Midlands Midwest,Unknown,Harmony Row,Ennis,,,52.8461395,-8.9850074,Active,OpenStreetMap,2025-11-24
OSM-IMP-00300,St. Anthony's Hospital,St. Anthony's Hospital,Healthcare,Hospital,Unknown,Unknown,Needs Verification,Dunmanway,,,51.7295325,-9.0893033,Active,OpenStreetMap,2025-11-24
OSM-IMP-00301,Bushy park house,Bushy park house,Healthcare,Hospital,Unknown,Unknown,Needs Verification,,,,52.8524737,-9.0417437,Active,OpenStreetMap,2025-11-24
OSM-IMP-00302,Mountfern Complex,Mountfern Complex,Healthcare,Hospital,Northern Health and Social Care Trust,Unknown,Needs Verification,,,,55.1207975,-6.6575017,Active,OpenStreetMap,2025-11-24
OSM-IMP-00303,University of Galway - North Campus,University of Galway - North Campus,Education,University,Ollscoil na Gaillimhe - University of Galway,Unknown,Needs Verification,,,,53.2893586,-9.0675779,Active,OpenStreetMap,2025-11-24
OSM-IMP-00304,University of Galway - South Campus,University of Galway - South Campus,Education,University,Ollscoil na Gaillimhe - University of Galway,Unknown,Needs Verification,,,,53.2791578,-9.0603329,Active,OpenStreetMap,2025-11-24
OSM-IMP-00305,University of Galway - Central Campus,University of Galway - Central Campus,Education,University,Ollscoil na Gaillimhe - University of Galway,Unknown,Needs Verification,,,,53.284131,-9.0643143,Active,OpenStreetMap,2025-11-24
OSM-IMP-00306,St Joseph's Community Hospital,St Joseph's Community Hospital,Healthcare,Hospital,Unknown,Unknown,Needs Verification,Stranorlar,,,54.8056631,-7.7502221,Active,OpenStreetMap,2025-11-24
OSM-IMP-00307,NUIG - School of Natural Sciences Facility,NUIG - School of Natural Sciences Facility,Education,University,University of Galway,Unknown,Needs Verification,,,,53.2812077,-9.0666063,Active,OpenStreetMap,2025-11-24
OSM-IMP-00308,Omagh Hospital & Primary Care Complex,Omagh Hospital & Primary Care Complex,Healthcare,Hospital,Unknown,Unknown,Needs Verification,,,,54.5904403,-7.2660007,Active,OpenStreetMap,2025-11-24
OSM-IMP-00309,TU Dublin - Conservatory of Music and Drama,TU Dublin - Conservatory of Music and Drama,Education,University,Technological University Dublin,Unknown,Chatham Row,Dublin,,,53.3409393,-6.262767,Active,OpenStreetMap,2025-11-24
OSM-IMP-00310,UCD Perinatal Research Centre - temporarily closed,UCD Perinatal Research Centre - temporarily closed,Education,University,University College Dublin,Unknown,65-66 Mount Street Lower,Dublin,,,53.3394536,-6.2450591,Active,OpenStreetMap,2025-11-24
OSM-IMP-00311,South East Technological University - Granary Campus,South East Technological University - Granary Campus,Education,University,South East Technnological University,Unknown,Hanover Street,Waterford,,X91 FF86,52.2627279,-7.1151528,Active,OpenStreetMap,2025-11-24
OSM-IMP-00312,Baltinglass District Hospital,Baltinglass District Hospital,Healthcare,Hospital,Unknown,Unknown,Needs Verification,,,,52.9314837,-6.6800535,Active,OpenStreetMap,2025-11-24
OSM-IMP-00313,St. Brigid's Hospital,St. Brigid's Hospital,Healthcare,Hospital,Health Service Executive,Unknown,Needs Verification,,,,52.3476183,-7.4037057,Active,OpenStreetMap,2025-11-24
OSM-IMP-00314,Áras Shorcha Ní Ghuairim,Áras Shorcha Ní Ghuairim,Education,University,An tAcadamh,Unknown,Roisin na Mainiach,Carna,,,53.321118,-9.812496,Active,OpenStreetMap,2025-11-24
OSM-IMP-00315,South East Technological University - South Sports Campus,South East Technological University - South Sports Campus,Education,University,South East Technological University,Unknown,Mortarstown Upper,Carlow,,R93 AYW9,52.8159577,-6.9436946,Active,OpenStreetMap,2025-11-24
OSM-IMP-00316,St. Joseph's Hospital,St. Joseph's Hospital,Healthcare,Hospital,Unknown,Unknown,Dublin Road,Longford,,,53.7234964,-7.7864401,Active,OpenStreetMap,2025-11-24
OSM-IMP-00317,Deer Lodge,Deer Lodge,Healthcare,Hospital,Health Service Executive,Unknown,St. Margaret's Road,Killarney,,V93NH63,52.0674314,-9.5185734,Active,OpenStreetMap,2025-11-24
OSM-IMP-00319,Mid-Ulster Hospital,Mid-Ulster Hospital,Healthcare,Hospital,Unknown,Unknown,Needs Verification,,,,54.761817,-6.6141307,Active,OpenStreetMap,2025-11-24
OSM-IMP-00324,Áras Mháirtín Uí Chadhain,Áras Mháirtín Uí Chadhain,Education,University,National University of Ireland Galway,Unknown,Needs Verification,An Cheathrú Rua,,,53.2645043,-9.5994377,Active,OpenStreetMap,2025-11-24
OSM-IMP-00330,Saint Brigid's Complex,Saint Brigid's Complex,Healthcare,Hospital,Unknown,Unknown,Kells Road,Ardee,,,53.8570685,-6.5492535,Active,OpenStreetMap,2025-11-24
OSM-IMP-00332,HSE St Conalls Hospital,HSE St Conalls Hospital,Healthcare,Hospital,Health Service Executive,Unknown,Needs Verification,,,,54.9598814,-7.7302475,Active,OpenStreetMap,2025-11-24
OSM-IMP-00333,St Joseph's Community Unit,St Joseph's Community Unit,Healthcare,Hospital,Unknown,Unknown,Patrick Street,Trim,,,53.5512126,-6.7899232,Active,OpenStreetMap,2025-11-24
OSM-IMP-00334,Bon Secours Hospital Limerick,Bon Secours Hospital Limerick,Healthcare,Hospital,Bon Secours Health System,Unknown,Needs Verification,Limerick,,V949D36,52.6524534,-8.5777588,Active,OpenStreetMap,2025-11-24
OSM-IMP-00335,Queen's University Sport,Queen's University Sport,Education,University,Unknown,Unknown,Needs Verification,,,,54.5803896,-5.9303244,Active,OpenStreetMap,2025-11-24
OSM-IMP-00336,St Mary's Hospital,St Mary's Hospital,Healthcare,Hospital,Health Service Executive,Unknown,Dublin Road,Drogheda,,,53.7119364,-6.3405926,Active,OpenStreetMap,2025-11-24
OSM-IMP-00339,UCC Centre for Executive Education,UCC Centre for Executive Education,Education,University,Unknown,Unknown,1 Lapp's Quay,Cork,,T12 VF82,51.8981705,-8.466728,Active,OpenStreetMap,2025-11-24
OSM-IMP-00340,Belmullet Community Hospital,Belmullet Community Hospital,Healthcare,Hospital,Health Service Executive,Unknown,Needs Verification,,,,54.2285155,-9.9859214,Active,OpenStreetMap,2025-11-24
OSM-IMP-00342,MTU Gallery at 46 Grand Parade,MTU Gallery at 46 Grand Parade,Education,University,MTU Crawford College of Art and Design,Unknown,Needs Verification,,,,51.8959665,-8.4750283,Active,OpenStreetMap,2025-11-24
OSM-IMP-00343,Mercy University Hospital Centre of Nurse Education,Mercy University Hospital Centre of Nurse Education,Education,University,Unknown,Unknown,Needs Verification,,,,51.8999738,-8.4812228,Active,OpenStreetMap,2025-11-24
OSM-IMP-00344,Limerick Surgical Hub,Limerick Surgical Hub,Healthcare,Hospital,Unknown,Unknown,Needs Verification,,,,52.6514896,-8.6369408,Active,OpenStreetMap,2025-11-24
OSM-IMP-00346,UPMC Kildare Hospital,UPMC Kildare Hospital,Healthcare,Hospital,Unknown,Unknown,Needs Verification,,,,53.2895752,-6.7007584,Active,OpenStreetMap,2025-11-24
OSM-IMP-00347,Saint Dympna's Hospital,Saint Dympna's Hospital,Healthcare,Hospital,Unknown,Unknown,Athy Road,Carlow,,,52.8430556,-6.9284226,Active,OpenStreetMap,2025-11-24
OSM-IMP-00348,Atlantic Technological University Sligo,Atlantic Technological University Sligo,Education,University,Atlantic Technological University,Unknown,Ash Lane,Sligo,,F91 YW50,54.2789004,-8.4611939,Active,OpenStreetMap,2025-11-24
OSM-IMP-00349,St. John's Community Hospital,St. John's Community Hospital,Healthcare,Hospital,Health Service Executive,Unknown,Ballytivnan Road,,,,54.2795442,-8.4690156,Active,OpenStreetMap,2025-11-24
OSM-IMP-00350,Sligo General Hospital,Sligo General Hospital,Healthcare,Hospital,Unknown,Unknown,Needs Verification,,,,54.2750308,-8.4639832,Active,OpenStreetMap,2025-11-24
OSM-IMP-00351,Kingsbridge Private Hospital,Kingsbridge Private Hospital,Healthcare,Hospital,Kingsbridge Private Hospital,Unknown,Ray MacSharry Road,Sligo,,,54.2685112,-8.4816617,Active,OpenStreetMap,2025-11-24
OSM-IMP-00352,UPMC Sports Surgery Clinic,UPMC Sports Surgery Clinic,Healthcare,Hospital,UPMC,Unknown,Northwood Avenue,,,D09 C523,53.4046132,-6.2538232,Active,OpenStreetMap,2025-11-24
OSM-IMP-00353,Atlantic Technological University Saint Angelas,Atlantic Technological University Saint Angelas,Education,University,Atlantic Technological University,Unknown,Needs Verification,Lough Gill,,F91 C634,54.2595136,-8.3834921,Active,OpenStreetMap,2025-11-24
OSM-IMP-00354,St. Raphael's Hospital,St. Raphael's Hospital,Healthcare,Hospital,Unknown,Unknown,Clane Road,Celbridge,,,53.3373464,-6.5452527,Active,OpenStreetMap,2025-11-24
OSM-IMP-00355,Royal College of Surgeons in Ireland,Royal College of Surgeons in Ireland,Education,University,Royal College of Surgeons in Ireland,Unknown,St. Stephen's Green,Dublin,,,53.3394284,-6.263229,Active,OpenStreetMap,2025-11-24
OSM-IMP-00356,University College Dublin (Belfield Campus),University College Dublin (Belfield Campus),Education,University,National University of Ireland,Unknown,Needs Verification,,,,53.306846,-6.2232224,Active,OpenStreetMap,2025-11-24
OSM-IMP-00357,"School of Nursing and Midwifery (Trinity College, Dublin)","School of Nursing and Midwifery (Trinity College, Dublin)",Education,University,"Trinity College, Dublin",Unknown,24 D'Olier Street,Dublin,,,53.3466419,-6.2576587,Active,OpenStreetMap,2025-11-24
OSM-IMP-00358,University College Dublin - Lyons Research Farm,University College Dublin - Lyons Research Farm,Education,University,University College Dublin,Unknown,Needs Verification,,,,53.3000635,-6.5331016,Active,OpenStreetMap,2025-11-24
OSM-IMP-00359,Sacred Heart Hospital,Sacred Heart Hospital,Healthcare,Hospital,Unknown,Unknown,Needs Verification,,,,53.6229704,-8.1838758,Active,OpenStreetMap,2025-11-24
OSM-IMP-00360,Louth County Hospital,Louth County Hospital,Healthcare,Hospital,Health Service Executive,Unknown,Needs Verification,,,,53.9878489,-6.4008651,Active,OpenStreetMap,2025-11-24
OSM-IMP-00361,Craigavon Area Hospital,Craigavon Area Hospital,Healthcare,Hospital,Unknown,Unknown,68 Lurgan Road,Portadown,,BT63 5QQ,54.4344305,-6.4112199,Active,OpenStreetMap,2025-11-24
OSM-IMP-00362,Dublin City University All Hallows Campus,Dublin City University All Hallows Campus,Education,University,Dublin City University,Unknown,Needs Verification,,,,53.37108,-6.2484687,Active,OpenStreetMap,2025-11-24
OSM-IMP-00363,Saint Patricks Community Hospital,Saint Patricks Community Hospital,Healthcare,Hospital,Health Service Executive,Unknown,Needs Verification,,,,53.9509922,-8.0851596,Active,OpenStreetMap,2025-11-24
OSM-IMP-00364,Letterkenny University Hospital,Letterkenny University Hospital,Healthcare,Hospital,Health Service Executive,Unknown,Needs Verification,,,,54.9601244,-7.7348334,Active,OpenStreetMap,2025-11-24
OSM-IMP-00365,Swinford District Hospital,Swinford District Hospital,Healthcare,Hospital,Unknown,Unknown,Dublin Road,Swinford,,,53.94316,-8.9455581,Active,OpenStreetMap,2025-11-24
OSM-IMP-00366,Queen's University Belfast,Queen's University Belfast,Education,University,Unknown,Unknown,Needs Verification,,,,54.5805349,-5.9370776,Active,OpenStreetMap,2025-11-24
OSM-IMP-00367,Skibbereen Hospital,Skibbereen Hospital,Healthcare,Hospital,Unknown,Unknown,Needs Verification,,,,51.5631798,-9.2622498,Active,OpenStreetMap,2025-11-24
OSM-IMP-00368,Mary Immaculate College,Mary Immaculate College,Education,University,Unknown,Unknown,Needs Verification,,,,52.6538473,-8.6427007,Active,OpenStreetMap,2025-11-24
OSM-IMP-00369,Kimmage Manor,Kimmage Manor,Education,University,Unknown,Unknown,Needs Verification,,,,53.3086569,-6.3086177,Active,OpenStreetMap,2025-11-24
OSM-IMP-00370,Queen's University Belfast,Queen's University Belfast,Education,University,Unknown,Unknown,University Road,,,BT7 1NN,54.5825981,-5.9358304,Active,OpenStreetMap,2025-11-24
OSM-IMP-00371,Health Sciences Campus,Health Sciences Campus,Education,University,Queen's University Belfast,Unknown,Needs Verification,,,,54.5860151,-5.9441007,Active,OpenStreetMap,2025-11-24
OSM-IMP-00372,Sligo Leitrim Mental Health Service Inpatient Approved Centre,Sligo Leitrim Mental Health Service Inpatient Approved Centre,Healthcare,Hospital,Unknown,Unknown,Clarion Road,Sligo,,F91 CD34,54.2815884,-8.4573679,Active,OpenStreetMap,2025-11-24
OSM-IMP-00373,Technological University Dublin - Grangegorman Campus,Technological University Dublin - Grangegorman Campus,Education,University,Technological University Dublin,Unknown,Grangegorman Lower,,,,53.3551463,-6.2808182,Active,OpenStreetMap,2025-11-24
OSM-IMP-00374,Galway Clinic,Galway Clinic,Healthcare,Hospital,Unknown,Unknown,Needs Verification,,,,53.2819427,-8.9736294,Active,OpenStreetMap,2025-11-24
OSM-IMP-00375,South East Technological University - Cork Road Campus,South East Technological University - Cork Road Campus,Education,University,South East Technological University,Unknown,Cork Road,Waterford,,X91 K0EK,52.2463058,-7.1396922,Active,OpenStreetMap,2025-11-24
OSM-IMP-00376,James Connolly Memorial Hospital,James Connolly Memorial Hospital,Healthcare,Hospital,Unknown,Unknown,Needs Verification,,,,55.2457324,-7.2681426,Active,OpenStreetMap,2025-11-24
OSM-IMP-00377,St Vincent's University Hospital,St Vincent's University Hospital,Healthcare,Hospital,St. Vincent’s Healthcare Group,Unknown,Merrion Road,,,D04 T6F4,53.3168233,-6.2127298,Active,OpenStreetMap,2025-11-24
OSM-IMP-00378,"Saint Brigid's Hospital, Shaen","Saint Brigid's Hospital, Shaen",Healthcare,Hospital,Unknown,Unknown,Needs Verification,,,,53.0779874,-7.249881,Active,OpenStreetMap,2025-11-24
OSM-IMP-00380,St Joseph's Hospital,St Joseph's Hospital,Healthcare,Hospital,Unknown,Unknown,Needs Verification,,,,53.3828567,-6.1817864,Active,OpenStreetMap,2025-11-24
OSM-IMP-00381,Ollscoil na Gaillimhe - University of Galway,Ollscoil na Gaillimhe - University of Galway,Education,University,Ollscoil na Gaillimhe - University of Galway,Unknown,University Road,Galway,,H91 TK33,53.2860076,-9.0689933,Active,OpenStreetMap,2025-11-24
OSM-IMP-00382,Buncrana Community Hospital,Buncrana Community Hospital,Healthcare,Hospital,Unknown,Unknown,Needs Verification,,,,55.1337178,-7.4492642,Active,OpenStreetMap,2025-11-24
OSM-IMP-00383,Tyrone and Fermanagh Hospital,Tyrone and Fermanagh Hospital,Healthcare,Hospital,Western Health and Social Care Trust,Unknown,Hospital Road,Omagh,,BT79 0AP,54.5917393,-7.2698206,Active,OpenStreetMap,2025-11-24
OSM-IMP-00384,Tara Winthrop Clinic,Tara Winthrop Clinic,Healthcare,Hospital,Unknown,Unknown,Needs Verification,,,,53.4441105,-6.2264036,Active,OpenStreetMap,2025-11-24
OSM-IMP-00385,Technological University of the Shannon: Midlands Midwest,Technological University of the Shannon: Midlands Midwest,Education,University,Technological University of the Shannon: Midlands Midwest,Unknown,Dublin Road,Athlone,,N37 HD68,53.4184348,-7.9048156,Active,OpenStreetMap,2025-11-24
OSM-IMP-00386,AIT Design College,AIT Design College,Education,University,Athlone Institute of Technology,Unknown,Needs Verification,,,,53.4258987,-7.9414085,Active,OpenStreetMap,2025-11-24
OSM-IMP-00387,Ulster University,Ulster University,Education,University,Unknown,Unknown,Needs Verification,,,,54.879947,-6.6010538,Active,OpenStreetMap,2025-11-24
OSM-IMP-00388,St Vincent's Hospital,St Vincent's Hospital,Healthcare,Hospital,Health Service Executive,Unknown,Coosan Point Road,Athlone,,,53.4269627,-7.9418349,Active,OpenStreetMap,2025-11-24
OSM-IMP-00389,Dalriada Student Village,Dalriada Student Village,Education,University,Unknown,Unknown,Needs Verification,,,,54.6845901,-5.8821206,Active,OpenStreetMap,2025-11-24
OSM-IMP-00390,Dublin Dental University Hospital,Dublin Dental University Hospital,Healthcare,Hospital,Unknown,Unknown,Lincoln Place,Dublin,,,53.3422523,-6.2520441,Active,OpenStreetMap,2025-11-24
